ADRAIN,ADSOLPW,DTMAX_C,DTMIN_C,DATE
0.6000000000000001,24396.6,28.2,19.1,2019-01-01
0.0,27677.2,30.9,17.8,2019-01-02
0.0,21536.9,30.1,20.2,2019-01-03
7.800000000000001,8292.900000000001,25.3,19.5,2019-01-04
0.0,15369.1,26.3,19.4,2019-01-05
0.0,25874.5,30.4,18.2,2019-01-06
0.0,30501.899999999994,31.2,19.9,2019-01-07
4.0,25638.5,33.4,18.9,2019-01-08
0.2,26599.399999999994,29.4,18.3,2019-01-09
0.0,26307.399999999998,30.1,18.3,2019-01-10
1.4,24685.3,31.0,18.0,2019-01-11
0.0,15761.199999999999,30.1,21.0,2019-01-12
0.0,24255.199999999997,31.1,18.3,2019-01-13
0.2,26136.5,31.7,19.8,2019-01-14
0.0,25965.9,31.6,19.8,2019-01-15
0.0,27668.000000000007,33.4,19.0,2019-01-16
0.0,29785.9,31.7,19.7,2019-01-17
0.0,27881.8,32.2,20.1,2019-01-18
0.2,27953.5,32.5,21.0,2019-01-19
0.0,23929.0,32.6,21.5,2019-01-20
0.0,26090.100000000002,34.2,20.3,2019-01-21
16.4,25081.799999999996,34.2,20.0,2019-01-22
0.4,22762.999999999996,31.6,20.3,2019-01-23
0.0,28683.499999999993,32.8,19.7,2019-01-24
0.8,23163.199999999997,32.1,18.9,2019-01-25
18.599999999999998,6066.599999999999,23.5,17.7,2019-01-26
0.2,26773.7,28.9,17.5,2019-01-27
0.0,29159.1,31.7,17.8,2019-01-28
0.0,25303.199999999997,32.9,18.1,2019-01-29
0.0,26411.499999999996,32.8,18.0,2019-01-30
0.0,28827.200000000004,33.1,18.2,2019-01-31
0.0,28289.4,33.5,18.6,2019-02-01
0.0,27730.999999999996,34.1,19.8,2019-02-02
0.0,29379.700000000004,35.0,20.5,2019-02-03
12.599999999999998,15739.900000000003,28.1,19.0,2019-02-04
0.0,22792.199999999997,31.1,19.3,2019-02-05
24.199999999999992,6794.699999999999,25.6,18.8,2019-02-06
53.99999999999999,17173.800000000003,26.9,17.0,2019-02-07
0.0,23075.600000000002,31.4,18.5,2019-02-08
0.0,22303.600000000006,31.2,18.9,2019-02-09
2.2,16107.800000000001,29.5,20.0,2019-02-10
10.2,23313.800000000003,30.2,19.6,2019-02-11
0.0,22551.699999999997,30.5,19.5,2019-02-12
29.6,8050.299999999999,28.2,19.3,2019-02-13
0.2,12614.800000000001,26.3,18.3,2019-02-14
1.5999999999999999,13782.0,27.0,18.7,2019-02-15
42.00000000000001,4863.3,23.3,20.0,2019-02-16
30.999999999999996,10926.600000000002,25.4,19.6,2019-02-17
3.4000000000000004,15856.599999999999,27.2,20.0,2019-02-18
5.6,21699.8,29.2,19.0,2019-02-19
5.2,20188.5,29.8,17.6,2019-02-20
30.399999999999995,9398.0,25.0,18.7,2019-02-21
0.0,27315.999999999996,31.3,17.6,2019-02-22
0.0,25519.3,31.8,18.2,2019-02-23
0.0,26650.800000000003,33.2,18.4,2019-02-24
0.0,24916.6,32.7,20.3,2019-02-25
0.6000000000000001,15188.8,31.6,20.0,2019-02-26
1.0,25557.199999999993,29.9,19.4,2019-02-27
19.0,15987.4,28.1,18.9,2019-02-28
56.600000000000016,13823.1,27.7,18.3,2019-03-01
34.60000000000001,10532.5,26.6,18.7,2019-03-02
2.8000000000000003,10867.200000000003,26.4,19.4,2019-03-03
17.999999999999996,8829.3,25.9,18.4,2019-03-04
3.8000000000000003,17985.9,28.9,18.7,2019-03-05
0.2,16216.4,29.0,18.5,2019-03-06
2.4,23282.199999999997,30.0,18.1,2019-03-07
1.0,24955.9,31.4,18.6,2019-03-08
0.0,22997.300000000003,32.7,19.2,2019-03-09
33.4,23575.899999999998,32.5,17.3,2019-03-10
22.4,17599.600000000002,29.5,18.6,2019-03-11
2.5999999999999996,21495.800000000003,29.6,18.2,2019-03-12
0.0,17709.1,28.8,19.0,2019-03-13
29.4,12552.499999999996,29.9,18.7,2019-03-14
0.0,20420.399999999998,29.9,17.5,2019-03-15
18.2,15285.9,28.5,19.4,2019-03-16
7.6000000000000005,20410.1,28.5,20.1,2019-03-17
0.0,21788.4,30.1,20.4,2019-03-18
9.4,21420.8,31.2,19.8,2019-03-19
0.0,19755.600000000002,30.6,20.0,2019-03-20
7.4,10757.500000000002,27.7,20.5,2019-03-21
23.0,9721.300000000001,24.0,18.6,2019-03-22
1.0,14284.800000000001,26.2,17.6,2019-03-23
0.0,21931.6,29.4,16.9,2019-03-24
0.2,18798.0,29.0,16.7,2019-03-25
0.0,21725.4,30.3,16.7,2019-03-26
0.0,20970.000000000004,30.1,19.3,2019-03-27
0.0,21612.7,28.5,17.3,2019-03-28
0.0,21644.999999999996,28.6,17.5,2019-03-29
0.0,21817.199999999997,28.7,17.3,2019-03-30
0.0,18742.800000000003,28.5,17.7,2019-03-31
0.0,18874.200000000004,29.5,15.9,2019-04-01
0.0,20985.9,29.7,17.1,2019-04-02
0.0,20270.800000000003,30.3,19.4,2019-04-03
0.0,20844.7,31.3,18.5,2019-04-04
0.0,20366.7,30.9,20.7,2019-04-05
0.0,17501.699999999997,30.2,21.3,2019-04-06
7.4,11864.599999999997,27.7,19.9,2019-04-07
2.0,12649.999999999998,26.8,20.3,2019-04-08
24.8,12835.300000000001,26.9,18.8,2019-04-09
0.0,19725.600000000002,28.9,17.9,2019-04-10
0.0,19169.699999999997,28.5,16.0,2019-04-11
0.0,15225.499999999998,29.5,17.3,2019-04-12
0.0,13566.9,29.8,18.9,2019-04-13
2.6,6314.8,25.7,20.1,2019-04-14
23.999999999999996,9717.000000000002,27.3,20.3,2019-04-15
17.4,8370.199999999999,25.4,19.6,2019-04-16
4.8,14944.399999999998,27.5,18.7,2019-04-17
0.2,20922.0,28.8,16.7,2019-04-18
0.2,22517.100000000006,28.1,13.3,2019-04-19
0.0,21545.700000000004,29.0,13.2,2019-04-20
0.0,19682.999999999996,29.2,14.9,2019-04-21
0.0,18177.199999999997,30.1,16.6,2019-04-22
0.2,17922.2,29.7,17.4,2019-04-23
0.0,17494.899999999998,28.8,17.7,2019-04-24
0.0,17110.8,28.9,17.3,2019-04-25
0.0,16452.4,28.9,0.0,2019-04-26
0.0,19556.1,28.9,16.5,2019-04-27
0.0,19999.3,29.4,0.0,2019-04-28
0.0,13341.600000000002,27.5,0.0,2019-04-29
0.2,19946.299999999996,28.1,14.2,2019-04-30
5.3999999999999995,18686.9,28.8,14.4,2019-05-01
0.0,14827.400000000001,29.2,18.2,2019-05-02
0.0,13731.2,27.9,18.4,2019-05-03
0.4,10099.699999999999,27.0,18.6,2019-05-04
0.0,15368.8,28.1,17.3,2019-05-05
0.0,17127.8,28.1,16.2,2019-05-06
0.0,18042.0,29.3,16.3,2019-05-07
0.8,14878.999999999998,28.0,16.0,2019-05-08
0.0,14532.0,26.1,16.8,2019-05-09
0.0,7593.3,24.9,16.4,2019-05-10
0.2,12544.500000000002,26.8,15.6,2019-05-11
0.0,18184.800000000003,28.6,16.0,2019-05-12
0.2,16201.500000000002,29.5,16.8,2019-05-13
0.0,13714.399999999998,29.0,18.5,2019-05-14
16.0,9783.600000000002,27.1,16.7,2019-05-15
6.2,7998.2,21.8,16.2,2019-05-16
13.200000000000001,2592.7999999999997,19.2,16.5,2019-05-17
2.6,10743.9,23.7,0.0,2019-05-18
0.2,15529.100000000002,25.5,12.8,2019-05-19
0.2,18375.3,26.4,13.8,2019-05-20
0.0,18305.5,27.1,12.3,2019-05-21
0.2,17942.800000000003,27.4,12.9,2019-05-22
0.0,18112.300000000003,27.7,12.6,2019-05-23
0.2,16157.800000000001,27.3,15.7,2019-05-24
0.0,16888.2,23.8,14.9,2019-05-25
0.0,18655.399999999998,25.4,8.1,2019-05-26
0.0,18173.6,26.5,9.7,2019-05-27
0.2,16804.100000000002,27.2,12.1,2019-05-28
0.0,17542.1,28.8,14.7,2019-05-29
0.2,16552.9,28.1,15.9,2019-05-30
0.0,17172.4,28.6,15.2,2019-05-31
0.0,17360.7,29.2,16.1,2019-06-01
0.0,17115.6,29.1,14.9,2019-06-02
5.4,14195.8,27.5,13.3,2019-06-03
0.2,14534.100000000002,22.4,12.2,2019-06-04
0.0,18314.199999999997,21.5,8.3,2019-06-05
0.0,17944.899999999998,22.9,11.3,2019-06-06
0.0,17760.6,23.4,10.2,2019-06-07
0.2,13987.1,22.9,8.3,2019-06-08
0.0,17461.6,23.8,8.5,2019-06-09
0.0,17287.6,23.9,8.7,2019-06-10
15.4,13654.1,24.8,10.9,2019-06-11
0.0,14507.3,26.2,12.0,2019-06-12
0.0,14076.599999999999,27.2,16.7,2019-06-13
0.0,12696.4,26.1,12.0,2019-06-14
0.0,14554.000000000002,26.4,12.0,2019-06-15
0.0,10604.199999999999,25.1,14.6,2019-06-16
0.0,14747.199999999999,25.4,11.8,2019-06-17
0.0,13394.4,25.1,11.2,2019-06-18
0.0,14233.000000000002,26.9,13.3,2019-06-19
0.0,16835.199999999997,26.1,11.1,2019-06-20
0.0,15280.900000000003,24.8,10.7,2019-06-21
0.0,15265.1,25.1,13.3,2019-06-22
0.0,16877.2,24.7,13.6,2019-06-23
0.0,16150.9,25.3,10.8,2019-06-24
0.2,12833.1,26.2,12.3,2019-06-25
0.0,16252.900000000003,27.8,17.6,2019-06-26
0.0,13339.000000000002,27.2,12.9,2019-06-27
0.0,16115.299999999997,27.0,13.2,2019-06-28
0.0,16131.600000000002,26.5,11.5,2019-06-29
0.0,16860.3,25.9,12.1,2019-06-30
0.0,16433.0,26.2,10.8,2019-07-01
0.0,15967.1,25.5,11.5,2019-07-02
0.0,15870.199999999999,27.9,13.1,2019-07-03
0.0,15449.7,28.6,16.1,2019-07-04
0.0,9171.2,24.6,16.0,2019-07-05
0.0,17143.9,19.7,9.2,2019-07-06
0.0,18169.0,21.5,4.4,2019-07-07
0.0,17732.600000000002,22.2,8.4,2019-07-08
0.0,17479.000000000004,23.7,6.7,2019-07-09
0.0,17316.6,23.4,6.2,2019-07-10
0.0,17778.1,23.8,8.0,2019-07-11
0.0,17373.400000000005,26.9,0.0,2019-07-12
0.0,17229.5,27.6,0.0,2019-07-13
0.0,17104.1,28.5,0.0,2019-07-14
0.0,16571.3,28.5,0.0,2019-07-15
0.0,12809.299999999997,25.5,0.0,2019-07-16
0.0,16115.599999999999,23.4,0.0,2019-07-17
0.0,16936.0,22.5,0.0,2019-07-18
0.0,18003.8,22.8,0.0,2019-07-19
0.0,17843.0,22.9,0.0,2019-07-20
0.0,15671.099999999999,23.7,0.0,2019-07-21
0.0,15283.700000000003,24.3,0.0,2019-07-22
0.0,18023.199999999997,25.6,0.0,2019-07-23
0.0,16151.1,27.1,0.0,2019-07-24
0.0,17430.399999999998,27.6,0.0,2019-07-25
0.0,18191.8,26.6,0.0,2019-07-26
0.0,18511.0,25.6,0.0,2019-07-27
0.0,18554.5,26.7,0.0,2019-07-28
0.0,14074.2,26.0,0.0,2019-07-29
0.0,17976.800000000003,26.7,0.0,2019-07-30
0.2,17645.1,27.6,0.0,2019-07-31
0.0,18886.8,27.9,0.0,2019-08-01
0.0,18235.5,28.7,0.0,2019-08-02
0.0,16719.0,27.6,0.0,2019-08-03
0.0,12019.599999999999,23.0,0.0,2019-08-04
0.0,13421.499999999998,22.7,0.0,2019-08-05
0.0,8411.0,21.7,0.0,2019-08-06
0.0,6906.7,22.8,0.0,2019-08-07
0.0,17136.3,27.9,0.0,2019-08-08
0.0,19143.3,28.3,0.0,2019-08-09
0.0,19854.800000000003,29.7,0.0,2019-08-10
0.0,18273.4,30.2,0.0,2019-08-11
0.0,20402.1,29.6,0.0,2019-08-12
0.0,19892.999999999996,30.6,12.2,2019-08-13
0.0,10886.8,24.1,16.4,2019-08-14
0.0,19481.199999999997,24.3,0.0,2019-08-15
0.0,20619.5,25.5,7.8,2019-08-16
0.4,18894.499999999996,25.5,0.0,2019-08-17
0.0,19969.5,27.7,10.5,2019-08-18
0.0,18294.6,29.9,13.6,2019-08-19
0.4,12981.8,28.7,15.9,2019-08-20
0.2,20543.300000000003,28.3,11.9,2019-08-21
0.0,18034.7,28.1,12.0,2019-08-22
0.0,17013.800000000003,25.7,11.8,2019-08-23
0.0,22596.2,26.2,8.4,2019-08-24
0.0,21646.7,26.9,13.6,2019-08-25
0.0,21027.4,26.9,11.3,2019-08-26
0.0,21761.5,28.1,12.5,2019-08-27
0.0,12729.400000000001,24.0,15.5,2019-08-28
0.0,18859.099999999995,26.6,13.6,2019-08-29
0.0,22110.199999999997,29.0,12.3,2019-08-30
0.0,22125.4,31.0,14.2,2019-08-31
0.0,21201.6,31.8,18.6,2019-09-01
0.0,20084.7,30.5,17.5,2019-09-02
0.0,20751.000000000004,32.5,16.7,2019-09-03
0.0,21838.0,33.7,16.4,2019-09-04
0.2,21300.799999999996,31.7,15.8,2019-09-05
0.0,20146.4,29.2,17.2,2019-09-06
0.0,22275.5,29.6,15.9,2019-09-07
0.0,22175.3,31.4,15.7,2019-09-08
0.0,24056.0,29.9,13.3,2019-09-09
0.0,23946.5,33.3,14.1,2019-09-10
0.0,23631.3,34.3,15.6,2019-09-11
0.0,23389.2,34.4,16.9,2019-09-12
0.0,20730.8,36.1,17.6,2019-09-13
0.0,22468.5,32.2,17.7,2019-09-14
0.0,22556.300000000003,31.9,16.6,2019-09-15
0.0,23502.6,31.9,15.6,2019-09-16
0.0,23113.3,32.4,15.5,2019-09-17
0.0,23426.6,34.3,21.3,2019-09-18
0.0,22027.5,34.7,23.6,2019-09-19
0.0,21286.9,35.1,22.4,2019-09-20
0.0,14578.0,31.9,16.9,2019-09-21
0.0,21630.800000000003,32.9,19.5,2019-09-22
0.0,20398.500000000004,27.6,18.1,2019-09-23
0.0,22754.100000000002,28.6,14.4,2019-09-24
8.6,4421.1,24.1,16.1,2019-09-25
34.600000000000016,2501.3,17.4,15.8,2019-09-26
9.6,25652.9,27.4,14.5,2019-09-27
0.0,23080.5,29.8,14.5,2019-09-28
0.0,14740.300000000001,28.4,17.0,2019-09-29
0.0,22094.800000000003,30.0,15.5,2019-09-30
3.8,24488.400000000005,30.4,16.7,2019-10-01
0.0,26476.600000000002,32.3,15.1,2019-10-02
0.0,26855.3,32.3,15.0,2019-10-03
0.0,26783.8,30.6,14.4,2019-10-04
0.0,26750.699999999997,30.2,16.1,2019-10-05
0.0,25658.4,31.9,16.7,2019-10-06
0.0,22990.6,31.3,18.5,2019-10-07
0.0,8454.9,25.6,19.8,2019-10-08
15.200000000000001,12724.3,29.5,19.4,2019-10-09
10.200000000000001,12823.999999999998,25.4,18.2,2019-10-10
0.0,20273.4,27.8,16.7,2019-10-11
0.0,23062.1,31.3,17.0,2019-10-12
0.0,26482.399999999998,32.7,16.6,2019-10-13
0.0,27485.5,32.8,16.4,2019-10-14
0.0,27336.9,31.7,17.0,2019-10-15
0.0,25952.399999999998,30.9,17.8,2019-10-16
0.0,24078.500000000004,31.3,17.3,2019-10-17
0.0,25085.0,32.9,15.5,2019-10-18
0.0,19433.2,32.2,16.8,2019-10-19
0.0,23688.500000000007,31.9,19.4,2019-10-20
0.0,9731.6,25.9,19.2,2019-10-21
5.6000000000000005,21024.7,29.0,17.9,2019-10-22
0.0,22354.7,30.9,17.3,2019-10-23
0.0,17357.5,28.7,19.4,2019-10-24
0.0,21526.0,32.4,19.8,2019-10-25
0.0,20231.300000000003,31.4,21.0,2019-10-26
0.0,28144.4,32.7,15.8,2019-10-27
0.0,23676.499999999996,32.8,20.3,2019-10-28
0.0,19336.199999999997,31.8,18.0,2019-10-29
0.0,21511.199999999997,30.7,17.3,2019-10-30
4.4,22972.8,30.4,17.0,2019-10-31
29.999999999999996,11975.1,29.9,18.4,2019-11-01
0.0,20435.9,29.2,17.9,2019-11-02
0.0,28675.700000000004,31.1,17.6,2019-11-03
0.0,26886.5,33.9,18.7,2019-11-04
0.0,29024.800000000003,33.0,21.9,2019-11-05
0.2,26502.3,33.9,20.9,2019-11-06
8.2,18407.800000000003,29.4,19.7,2019-11-07
1.0,11960.400000000001,27.2,20.0,2019-11-08
0.0,25518.1,32.1,17.1,2019-11-09
0.0,23232.000000000004,32.7,19.1,2019-11-10
0.0,22450.3,33.9,18.6,2019-11-11
6.0,14931.599999999999,26.7,19.3,2019-11-12
15.799999999999999,19228.899999999998,28.7,19.1,2019-11-13
2.0,10103.6,26.7,20.2,2019-11-14
14.6,8083.3,23.7,19.5,2019-11-15
0.0,26800.600000000002,29.8,19.2,2019-11-16
0.6,18447.399999999998,30.0,18.9,2019-11-17
62.2,2428.1,22.8,18.9,2019-11-18
6.6,18010.200000000004,27.9,18.6,2019-11-19
10.600000000000001,14679.2,27.3,17.9,2019-11-20
0.0,25444.100000000002,29.0,17.1,2019-11-21
0.0,18815.399999999998,28.8,18.9,2019-11-22
5.199999999999999,18287.5,27.8,18.5,2019-11-23
0.4,18433.5,27.0,18.2,2019-11-24
0.0,19388.699999999997,27.7,16.6,2019-11-25
0.0,22985.6,29.4,17.9,2019-11-26
0.0,24658.999999999996,29.0,18.4,2019-11-27
4.4,11039.799999999997,28.3,21.0,2019-11-28
0.8,11466.8,26.1,19.3,2019-11-29
2.6,11345.999999999998,27.5,19.2,2019-11-30
0.4,20205.8,29.6,20.4,2019-12-01
1.4000000000000001,16333.399999999998,28.7,20.2,2019-12-02
0.0,13899.7,28.4,19.8,2019-12-03
0.6,12734.100000000002,26.5,20.0,2019-12-04
13.6,10661.100000000002,26.2,20.2,2019-12-05
2.0,18373.8,28.2,19.7,2019-12-06
4.6000000000000005,19479.899999999998,29.3,20.1,2019-12-07
0.0,25862.600000000006,29.3,19.0,2019-12-08
1.0,11483.199999999999,25.6,19.6,2019-12-09
9.2,13373.8,27.0,19.1,2019-12-10
21.999999999999996,9761.599999999999,25.3,19.9,2019-12-11
2.8000000000000003,16870.3,26.3,19.4,2019-12-12
0.8,22584.000000000004,30.6,20.0,2019-12-13
0.0,19977.899999999998,30.7,19.1,2019-12-14
0.0,30296.3,30.1,18.4,2019-12-15
0.0,27832.499999999996,30.2,19.2,2019-12-16
0.0,29553.4,31.2,17.8,2019-12-17
0.0,26666.8,31.9,16.8,2019-12-18
18.400000000000002,12167.099999999999,28.1,18.8,2019-12-19
10.599999999999998,22704.3,30.1,17.7,2019-12-20
0.2,18492.0,27.1,18.7,2019-12-21
0.0,24539.800000000003,31.1,19.0,2019-12-22
1.4,16343.3,26.7,19.6,2019-12-23
23.399999999999995,11901.600000000002,25.6,18.6,2019-12-24
0.0,25464.1,30.0,17.3,2019-12-25
6.3999999999999995,28223.600000000002,30.7,18.5,2019-12-26
1.0,25534.399999999998,30.7,19.2,2019-12-27
0.0,25541.1,30.4,18.0,2019-12-28
0.0,27072.8,30.4,19.8,2019-12-29
0.0,25445.5,29.2,19.7,2019-12-30
0.0,26276.2,30.5,19.4,2019-12-31
0.0,26308.1,31.4,20.3,2020-01-01
4.2,10284.900000000001,24.9,20.4,2020-01-02
5.2,19283.100000000002,29.5,20.1,2020-01-03
21.199999999999996,15086.6,26.2,19.4,2020-01-04
0.4,22832.300000000003,28.4,19.1,2020-01-05
2.4000000000000004,18897.3,28.8,20.6,2020-01-06
0.0,25726.0,30.7,19.6,2020-01-07
7.6000000000000005,15567.199999999999,29.4,20.4,2020-01-08
0.4,16547.199999999997,30.4,19.7,2020-01-09
1.0,18332.600000000002,30.7,21.3,2020-01-10
9.2,15743.1,30.1,20.2,2020-01-11
0.0,23385.4,32.3,20.6,2020-01-12
2.2,24416.399999999998,33.1,21.1,2020-01-13
0.0,24356.3,31.5,19.2,2020-01-14
0.0,24842.2,32.3,19.6,2020-01-15
0.0,27383.399999999998,32.6,19.4,2020-01-16
23.999999999999996,13713.200000000003,30.0,20.7,2020-01-17
0.2,15027.2,27.1,19.7,2020-01-18
2.2,14714.800000000001,28.4,20.6,2020-01-19
16.599999999999998,7371.900000000001,26.4,20.4,2020-01-20
0.2,20851.3,28.9,19.2,2020-01-21
14.6,16385.4,27.8,19.4,2020-01-22
30.000000000000004,4899.5,22.0,19.9,2020-01-23
90.0,11046.4,26.1,19.4,2020-01-24
4.4,20774.199999999997,27.7,18.9,2020-01-25
0.0,28626.5,29.9,18.5,2020-01-26
0.0,25661.499999999993,30.9,19.6,2020-01-27
9.8,22288.400000000005,29.8,21.4,2020-01-28
2.2,21623.699999999997,28.7,19.8,2020-01-29
0.0,22107.199999999993,30.7,21.7,2020-01-30
0.0,23870.600000000006,31.7,19.8,2020-01-31
22.0,24959.700000000004,31.6,18.5,2020-02-01
0.4,26041.8,31.5,19.4,2020-02-02
15.0,27410.2,31.3,19.4,2020-02-03
44.4,21504.499999999996,29.9,19.6,2020-02-04
15.2,10155.000000000004,26.3,20.0,2020-02-05
20.599999999999998,7328.3,25.6,18.8,2020-02-06
1.0,12839.5,26.3,18.4,2020-02-07
2.1999999999999997,18031.6,26.6,18.4,2020-02-08
3.4,20715.499999999996,26.8,18.9,2020-02-09
32.8,16596.7,27.1,19.6,2020-02-10
19.4,8004.399999999999,25.0,20.1,2020-02-11
28.0,12337.1,25.4,19.6,2020-02-12
63.4,17550.9,27.3,18.8,2020-02-13
1.2,20633.6,28.7,17.8,2020-02-14
0.0,25316.600000000002,31.1,19.7,2020-02-15
0.4,18350.4,30.2,20.8,2020-02-16
21.799999999999997,16570.1,27.6,19.3,2020-02-17
3.8000000000000003,20656.4,29.7,19.7,2020-02-18
0.4,22268.600000000002,30.1,18.7,2020-02-19
0.0,27328.699999999997,30.8,19.4,2020-02-20
13.799999999999999,14923.800000000001,29.1,19.6,2020-02-21
0.4,20437.7,28.8,19.5,2020-02-22
0.0,10167.199999999999,24.8,19.7,2020-02-23
28.0,7996.300000000001,25.7,19.2,2020-02-24
1.8,19462.7,28.5,20.2,2020-02-25
16.2,15098.2,28.1,19.9,2020-02-26
16.2,18420.600000000002,28.7,19.3,2020-02-27
6.199999999999999,9879.400000000001,27.2,19.8,2020-02-28
15.6,16145.700000000003,26.8,19.6,2020-02-29
13.000000000000002,13175.899999999998,27.0,18.2,2020-03-01
8.6,13759.299999999997,24.5,16.8,2020-03-02
1.8,10830.800000000001,25.3,15.7,2020-03-03
0.2,18711.8,28.2,18.7,2020-03-04
0.0,22216.599999999995,29.8,17.0,2020-03-05
0.0,16872.9,27.3,17.6,2020-03-06
0.0,19979.6,28.1,18.4,2020-03-07
1.4,20111.899999999998,27.8,17.1,2020-03-08
2.2,20508.499999999996,28.8,17.8,2020-03-09
0.0,16836.1,29.1,0.0,2020-03-10
0.0,20748.7,30.5,17.6,2020-03-11
0.0,23053.700000000004,30.6,18.0,2020-03-12
0.0,22549.5,30.5,16.9,2020-03-13
0.0,19164.1,30.0,19.8,2020-03-14
0.0,21312.399999999998,30.0,20.3,2020-03-15
0.0,25198.800000000003,30.8,17.3,2020-03-16
0.2,19777.299999999996,30.0,17.7,2020-03-17
0.0,21836.100000000002,30.7,17.2,2020-03-18
12.0,16141.8,29.1,20.5,2020-03-19
4.2,15651.9,28.3,20.1,2020-03-20
4.6000000000000005,13880.3,28.1,20.1,2020-03-21
0.6,14292.499999999998,27.2,19.3,2020-03-22
0.0,20467.0,27.4,17.4,2020-03-23
0.0,22934.9,26.4,14.2,2020-03-24
0.0,19456.399999999998,27.2,15.0,2020-03-25
0.0,16921.800000000003,26.3,14.6,2020-03-26
0.0,13131.300000000003,25.9,14.7,2020-03-27
2.0,11114.0,25.7,19.0,2020-03-28
0.2,14586.5,28.4,16.4,2020-03-29
8.6,13695.7,29.5,18.3,2020-03-30
16.0,21651.2,29.6,18.3,2020-03-31
2.2,13244.2,28.3,20.5,2020-04-01
0.2,18358.1,29.0,18.9,2020-04-02
6.2,18038.8,29.7,20.4,2020-04-03
0.0,19647.9,29.6,19.3,2020-04-04
0.0,23290.600000000002,29.9,16.6,2020-04-05
0.0,16112.399999999998,29.3,19.1,2020-04-06
1.0,18609.0,30.6,18.9,2020-04-07
8.0,13774.599999999999,27.3,20.4,2020-04-08
0.0,13555.3,26.9,18.5,2020-04-09
0.0,12322.0,27.8,18.1,2020-04-10
0.2,17140.100000000002,28.6,18.2,2020-04-11
0.0,16575.0,27.0,17.9,2020-04-12
0.0,17412.4,27.7,16.2,2020-04-13
11.799999999999999,15769.099999999999,26.1,16.9,2020-04-14
0.2,13966.3,25.6,15.7,2020-04-15
0.4,11695.700000000003,25.7,19.1,2020-04-16
0.0,15374.5,27.6,16.8,2020-04-17
0.0,15800.9,27.0,17.3,2020-04-18
0.0,8397.5,23.0,16.0,2020-04-19
0.0,21195.9,26.6,14.8,2020-04-20
0.2,19065.9,27.1,13.3,2020-04-21
0.0,16562.399999999998,27.3,14.5,2020-04-22
0.0,19134.900000000005,27.5,15.4,2020-04-23
0.0,16298.700000000003,27.2,15.9,2020-04-24
0.0,19992.1,26.9,13.6,2020-04-25
0.0,18302.6,28.2,14.7,2020-04-26
0.0,19913.700000000004,26.2,14.7,2020-04-27
0.0,20893.800000000003,25.1,15.0,2020-04-28
0.0,13880.9,25.3,10.4,2020-04-29
0.0,18205.0,25.9,13.3,2020-04-30
0.0,18425.7,27.3,12.1,2020-05-01
0.0,19738.399999999994,27.6,12.8,2020-05-02
0.0,18736.999999999996,27.2,13.6,2020-05-03
0.0,19176.4,27.1,12.0,2020-05-04
0.0,17697.200000000004,26.9,14.4,2020-05-05
0.0,15471.2,27.2,16.2,2020-05-06
3.4000000000000004,6723.099999999999,22.6,18.3,2020-05-07
0.0,17419.000000000004,23.7,13.5,2020-05-08
0.0,20394.900000000005,23.8,10.1,2020-05-09
0.0,19327.399999999998,23.4,10.9,2020-05-10
0.0,20033.7,24.3,12.4,2020-05-11
0.0,19593.500000000004,25.2,10.3,2020-05-12
0.0,15632.9,25.9,11.9,2020-05-13
1.0,5955.5,23.7,16.8,2020-05-14
0.8,8252.5,23.4,17.6,2020-05-15
0.0,9415.7,24.8,16.6,2020-05-16
0.2,12674.4,24.9,14.7,2020-05-17
0.2,14054.800000000001,26.4,10.7,2020-05-18
0.0,17572.9,27.0,14.3,2020-05-19
0.0,13376.8,23.9,15.3,2020-05-20
0.0,14625.4,26.0,12.5,2020-05-21
0.0,16128.400000000001,25.3,13.2,2020-05-22
2.6,6723.200000000001,23.0,16.2,2020-05-23
23.999999999999996,2538.2999999999997,18.2,15.2,2020-05-24
3.4000000000000004,15464.8,22.5,13.0,2020-05-25
0.4,18655.100000000002,22.0,6.9,2020-05-26
0.0,18811.899999999998,21.9,5.9,2020-05-27
0.2,18678.899999999998,25.3,6.6,2020-05-28
0.0,18638.399999999998,25.7,6.3,2020-05-29
0.0,17897.699999999997,23.5,11.1,2020-05-30
0.2,17751.0,22.8,9.5,2020-05-31
0.2,17623.6,23.5,9.1,2020-06-01
0.0,17671.300000000003,24.9,8.8,2020-06-02
0.0,15686.000000000002,27.0,11.2,2020-06-03
0.0,13763.9,26.9,13.8,2020-06-04
0.0,14803.500000000002,26.0,13.8,2020-06-05
0.0,14325.7,25.6,13.1,2020-06-06
0.0,11386.3,25.4,14.2,2020-06-07
0.2,16882.000000000004,27.8,13.4,2020-06-08
0.0,16464.600000000002,28.3,14.4,2020-06-09
0.0,12240.300000000001,27.3,14.8,2020-06-10
0.0,16651.2,28.1,14.3,2020-06-11
0.0,16361.0,28.3,13.4,2020-06-12
0.0,15637.200000000003,27.5,14.0,2020-06-13
0.0,16775.100000000002,27.9,11.9,2020-06-14
0.0,15909.7,25.6,15.0,2020-06-15
0.0,11033.299999999997,24.1,15.3,2020-06-16
0.0,6737.1,19.8,13.8,2020-06-17
0.0,15362.4,23.7,14.7,2020-06-18
0.0,16335.2,26.1,10.1,2020-06-19
1.7999999999999998,8486.2,24.6,13.4,2020-06-20
0.2,17333.600000000002,26.3,12.3,2020-06-21
0.2,16833.3,26.2,10.7,2020-06-22
0.0,16902.3,24.5,11.4,2020-06-23
0.0,16820.3,25.2,10.1,2020-06-24
0.0,16785.100000000002,25.6,11.7,2020-06-25
0.0,16190.500000000002,27.5,12.5,2020-06-26
0.0,15106.5,26.2,15.1,2020-06-27
0.0,16844.899999999998,24.1,12.6,2020-06-28
0.0,12601.8,23.9,12.1,2020-06-29
0.0,15979.699999999999,24.2,12.7,2020-06-30
0.0,13501.999999999998,25.4,14.7,2020-07-01
0.0,15212.299999999997,25.8,13.4,2020-07-02
0.0,16041.599999999999,26.8,10.9,2020-07-03
0.0,15649.499999999998,26.9,8.7,2020-07-04
0.0,16339.0,26.7,11.5,2020-07-05
0.0,16270.399999999998,27.4,11.1,2020-07-06
0.0,17278.100000000002,26.1,11.3,2020-07-07
0.0,17232.000000000004,26.7,12.6,2020-07-08
0.0,16238.300000000001,27.3,14.0,2020-07-09
0.0,13882.800000000001,27.5,12.5,2020-07-10
0.0,15767.199999999997,26.0,12.9,2020-07-11
0.0,16616.899999999998,26.0,12.2,2020-07-12
0.0,17145.7,27.8,12.0,2020-07-13
0.0,15778.4,28.9,13.3,2020-07-14
0.0,13416.6,28.2,12.8,2020-07-15
19.8,13750.500000000004,25.9,13.5,2020-07-16
0.0,15103.499999999998,26.1,15.7,2020-07-17
0.0,16497.699999999997,25.7,11.7,2020-07-18
0.0,19012.199999999993,24.5,10.2,2020-07-19
0.0,15457.900000000001,25.6,10.1,2020-07-20
0.0,18935.100000000002,26.8,13.4,2020-07-21
0.0,17973.3,27.4,11.6,2020-07-22
0.0,18696.199999999997,27.0,11.1,2020-07-23
0.0,19254.6,26.0,15.3,2020-07-24
0.0,17570.600000000002,27.1,15.3,2020-07-25
0.0,19111.300000000003,26.6,14.0,2020-07-26
0.0,12524.4,25.8,14.8,2020-07-27
0.0,19040.899999999998,27.0,14.0,2020-07-28
0.0,17869.999999999996,29.1,15.2,2020-07-29
0.0,16407.9,27.7,10.9,2020-07-30
0.0,15767.199999999999,24.3,16.3,2020-07-31
0.0,12348.6,24.6,12.0,2020-08-01
0.0,18809.1,24.9,10.0,2020-08-02
0.0,20119.6,24.3,10.9,2020-08-03
0.0,20174.4,25.3,8.8,2020-08-04
0.0,20220.5,25.0,8.3,2020-08-05
0.0,20244.2,24.6,9.7,2020-08-06
0.0,18494.9,25.4,9.2,2020-08-07
0.0,18751.6,25.6,9.7,2020-08-08
0.0,9505.4,23.5,14.8,2020-08-09
0.0,12137.8,26.0,11.5,2020-08-10
0.0,17050.8,27.1,12.1,2020-08-11
0.0,16640.899999999998,27.6,10.7,2020-08-12
0.0,19303.399999999998,28.6,13.7,2020-08-13
0.0,19525.4,28.9,14.3,2020-08-14
0.0,20010.000000000004,28.8,14.0,2020-08-15
0.0,18268.299999999996,30.3,16.0,2020-08-16
0.0,14898.6,27.5,16.5,2020-08-17
0.0,18858.899999999998,30.0,14.2,2020-08-18
0.0,20739.3,30.3,18.5,2020-08-19
0.0,19477.5,31.5,18.4,2020-08-20
2.0,2650.7,24.8,14.2,2020-08-21
10.799999999999999,3566.0000000000005,14.8,12.0,2020-08-22
0.0,13036.699999999999,20.8,11.8,2020-08-23
0.0,21910.699999999997,22.9,11.7,2020-08-24
0.0,23366.300000000003,24.0,6.9,2020-08-25
0.0,23376.300000000003,25.9,6.5,2020-08-26
0.0,23059.0,27.3,9.5,2020-08-27
0.0,22717.300000000003,28.4,11.6,2020-08-28
0.0,23169.300000000003,28.3,13.3,2020-08-29
0.0,22329.700000000004,29.7,15.5,2020-08-30
0.0,22800.4,31.4,14.6,2020-08-31
0.0,20888.0,29.8,15.4,2020-09-01
0.0,20299.799999999996,27.3,17.0,2020-09-02
0.0,23652.5,28.2,12.5,2020-09-03
0.0,23260.800000000003,31.0,12.9,2020-09-04
0.0,23827.199999999997,30.5,14.0,2020-09-05
0.0,23950.5,30.6,13.6,2020-09-06
0.0,23795.5,31.7,12.9,2020-09-07
0.0,23461.2,32.1,14.3,2020-09-08
0.0,22965.699999999997,32.9,15.5,2020-09-09
0.0,23033.899999999998,33.3,15.8,2020-09-10
0.0,22096.499999999996,33.0,15.4,2020-09-11
0.0,22380.8,32.3,16.2,2020-09-12
0.0,24093.5,30.3,17.6,2020-09-13
0.0,23919.399999999998,30.5,14.5,2020-09-14
0.0,21986.499999999996,30.6,14.8,2020-09-15
0.0,24257.000000000004,30.8,17.5,2020-09-16
0.0,23303.0,32.3,15.9,2020-09-17
0.0,23122.2,33.7,17.0,2020-09-18
0.0,20920.800000000003,36.3,20.9,2020-09-19
1.0,15498.5,28.4,18.6,2020-09-20
2.2000000000000006,3797.3999999999996,21.8,17.3,2020-09-21
7.4,3899.0000000000005,19.7,16.4,2020-09-22
4.0,9058.900000000001,23.5,14.7,2020-09-23
0.0,20896.100000000002,28.2,14.3,2020-09-24
0.0,23818.699999999997,30.4,15.8,2020-09-25
0.0,26347.2,32.1,15.0,2020-09-26
0.0,26092.300000000003,33.6,15.7,2020-09-27
0.0,25557.699999999993,35.9,17.1,2020-09-28
0.0,24501.4,36.3,18.6,2020-09-29
0.0,23872.5,35.5,18.8,2020-09-30
0.0,25080.5,35.4,19.8,2020-10-01
0.0,24802.5,36.0,19.4,2020-10-02
0.0,24093.8,37.8,19.3,2020-10-03
0.0,22663.500000000004,34.8,22.1,2020-10-04
0.0,24145.3,34.2,19.5,2020-10-05
0.0,21769.2,35.7,19.9,2020-10-06
0.0,22867.2,37.4,19.5,2020-10-07
0.0,17402.100000000002,34.7,22.8,2020-10-08
0.0,16665.199999999997,34.3,20.4,2020-10-09
5.6,19150.000000000004,32.7,20.2,2020-10-10
0.0,15495.000000000002,29.0,18.2,2020-10-11
0.0,16160.400000000001,28.9,16.2,2020-10-12
0.0,23886.5,32.4,18.7,2020-10-13
3.0,20702.4,33.1,18.8,2020-10-14
0.0,17620.5,29.6,17.9,2020-10-15
0.2,13653.8,28.8,19.4,2020-10-16
1.0,13201.3,25.6,16.9,2020-10-17
0.0,18836.9,28.0,17.3,2020-10-18
0.0,6903.900000000001,22.3,16.6,2020-10-19
7.4,5796.199999999999,20.4,17.2,2020-10-20
3.2000000000000006,10078.7,24.5,17.8,2020-10-21
0.0,16586.2,26.7,18.3,2020-10-22
0.2,15093.400000000001,26.3,19.1,2020-10-23
13.399999999999999,5326.9,21.7,18.2,2020-10-24
10.4,13300.900000000001,26.6,18.0,2020-10-25
1.2,26345.200000000004,28.9,14.9,2020-10-26
0.0,20822.1,31.3,17.5,2020-10-27
0.0,25762.399999999998,32.8,18.6,2020-10-28
3.4000000000000004,15295.0,28.9,18.9,2020-10-29
11.6,11849.100000000002,27.4,18.5,2020-10-30
27.4,15134.999999999998,24.2,15.7,2020-10-31
0.4,21712.600000000002,26.9,15.9,2020-11-01
0.0,25631.0,27.0,13.7,2020-11-02
24.799999999999997,15247.599999999999,26.1,15.8,2020-11-03
0.2,22820.899999999994,27.3,16.2,2020-11-04
0.0,22771.500000000004,28.0,14.2,2020-11-05
0.0,27432.1,30.9,14.8,2020-11-06
0.0,24576.1,31.7,15.7,2020-11-07
0.0,23369.299999999996,32.4,19.3,2020-11-08
27.4,24245.699999999997,30.1,17.5,2020-11-09
32.8,13277.0,25.7,18.2,2020-11-10
1.8,17903.199999999997,29.6,19.6,2020-11-11
3.2,20149.899999999998,28.9,19.4,2020-11-12
11.200000000000001,16149.400000000001,27.1,19.1,2020-11-13
4.0,15141.499999999998,25.7,17.6,2020-11-14
0.0,24922.7,30.2,18.2,2020-11-15
0.0,19616.0,30.7,20.4,2020-11-16
10.4,25903.4,31.7,18.4,2020-11-17
0.2,22552.5,29.7,18.6,2020-11-18
1.6,15683.1,27.1,20.0,2020-11-19
12.2,28521.5,29.0,18.0,2020-11-20
0.0,20831.9,28.8,16.1,2020-11-21
0.0,20175.7,28.3,18.8,2020-11-22
62.2,20019.699999999997,28.3,17.0,2020-11-23
36.4,22165.2,28.6,18.6,2020-11-24
3.200000000000001,16752.199999999997,26.8,18.3,2020-11-25
0.0,23612.699999999997,29.3,18.2,2020-11-26
0.0,23810.699999999997,30.3,16.5,2020-11-27
0.0,28819.1,30.1,15.9,2020-11-28
0.0,25029.899999999998,29.5,19.3,2020-11-29
0.0,26566.100000000002,29.8,17.5,2020-11-30
3.6000000000000014,22621.5,30.1,18.5,2020-12-01
0.2,8410.199999999999,25.5,17.2,2020-12-02
0.0,21538.6,27.1,19.0,2020-12-03
0.0,23982.899999999998,31.1,18.6,2020-12-04
0.0,14748.6,29.4,19.5,2020-12-05
0.0,9971.899999999998,26.7,18.7,2020-12-06
0.0,11082.6,26.7,20.1,2020-12-07
0.0,17866.3,28.2,19.3,2020-12-08
0.0,13989.300000000003,26.0,17.0,2020-12-09
0.0,17694.7,27.2,17.9,2020-12-10
0.0,15536.500000000002,25.9,18.2,2020-12-11
0.0,15972.000000000002,27.0,19.1,2020-12-12
0.0,14469.099999999997,28.5,19.9,2020-12-13
0.0,28909.199999999997,30.1,19.1,2020-12-14
0.0,29446.6,30.9,17.9,2020-12-15
0.0,26620.200000000004,31.6,18.0,2020-12-16
0.0,24233.6,30.5,19.1,2020-12-17
0.0,28136.199999999997,30.8,19.4,2020-12-18
0.0,27176.0,30.3,18.7,2020-12-19
0.0,20772.6,29.6,19.6,2020-12-20
0.0,23751.899999999994,30.6,19.5,2020-12-21
0.0,19309.9,27.6,20.7,2020-12-22
0.0,10612.3,26.5,19.4,2020-12-23
0.0,10379.599999999999,25.2,19.0,2020-12-24
0.0,10772.8,25.8,18.8,2020-12-25
0.0,19098.000000000004,26.7,17.9,2020-12-26
0.0,11049.7,26.0,19.0,2020-12-27
0.0,12996.0,26.2,18.6,2020-12-28
0.0,25831.000000000004,29.1,19.0,2020-12-29
0.0,17559.5,27.9,17.9,2020-12-30
0.0,27581.2,30.2,19.0,2020-12-31
0.0,23503.199999999997,30.7,18.8,2021-01-01
0.0,20843.399999999998,29.3,18.6,2021-01-02
0.0,15139.199999999997,28.3,17.5,2021-01-03
0.0,27540.8,28.1,16.1,2021-01-04
0.0,28674.4,29.5,17.7,2021-01-05
0.0,21251.9,30.3,19.3,2021-01-06
0.0,24720.600000000002,31.3,19.2,2021-01-07
0.0,26532.300000000003,30.3,18.9,2021-01-08
0.0,13811.499999999998,27.5,20.6,2021-01-09
0.0,12537.4,28.1,20.9,2021-01-10
0.0,21852.300000000003,29.6,20.4,2021-01-11
0.0,16254.7,29.5,20.7,2021-01-12
0.0,15069.9,29.2,20.5,2021-01-13
0.0,16568.699999999997,27.9,19.6,2021-01-14
0.0,10108.1,24.8,19.6,2021-01-15
0.0,8812.400000000001,25.6,18.7,2021-01-16
0.0,17651.8,26.9,19.5,2021-01-17
0.0,26940.6,29.9,20.0,2021-01-18
0.0,23228.000000000004,30.3,20.5,2021-01-19
0.0,26325.300000000003,31.1,16.6,2021-01-20
0.0,29989.1,30.0,16.7,2021-01-21
0.0,28635.8,30.1,15.7,2021-01-22
0.0,25097.399999999998,29.1,16.3,2021-01-23
0.0,24853.300000000003,30.0,18.2,2021-01-24
0.0,24102.6,29.6,18.9,2021-01-25
0.0,23569.200000000004,31.1,18.7,2021-01-26
0.0,26835.2,31.0,21.7,2021-01-27
0.0,26440.3,30.3,17.0,2021-01-28
0.0,28099.799999999996,31.3,17.1,2021-01-29
0.0,25930.399999999998,32.6,18.1,2021-01-30
0.0,29323.500000000004,32.5,20.5,2021-01-31
0.2,22762.900000000005,31.6,19.9,2021-02-01
0.0,17868.000000000004,29.0,19.3,2021-02-02
0.0,23887.800000000003,31.5,19.8,2021-02-03
0.0,24722.100000000006,31.4,19.0,2021-02-04
0.0,15082.6,28.6,17.8,2021-02-05
0.0,7670.600000000002,26.0,19.4,2021-02-06
0.0,9892.800000000001,24.2,19.0,2021-02-07
0.0,14750.499999999998,25.2,17.7,2021-02-08
0.0,21884.899999999998,27.5,17.1,2021-02-09
0.0,23620.200000000004,29.3,16.1,2021-02-10
16.799999999999997,18329.6,27.8,17.0,2021-02-11
10.0,11929.7,24.4,17.9,2021-02-12
27.4,9733.4,24.3,18.9,2021-02-13
19.799999999999997,19349.2,28.5,18.4,2021-02-14
0.8,20832.4,28.8,19.1,2021-02-15
0.0,21464.7,29.6,18.9,2021-02-16
0.0,17440.399999999998,29.4,19.5,2021-02-17
0.2,20624.0,29.2,20.0,2021-02-18
16.599999999999998,24361.1,30.5,19.5,2021-02-19
0.0,19948.4,29.9,21.1,2021-02-20
0.0,20485.3,29.0,19.7,2021-02-21
2.6,22831.600000000002,29.3,19.3,2021-02-22
0.0,27146.7,29.6,16.8,2021-02-23
0.0,25941.0,31.2,18.3,2021-02-24
2.4,20053.100000000002,29.7,18.9,2021-02-25
26.2,10722.9,25.4,18.3,2021-02-26
6.400000000000001,10069.6,24.0,18.2,2021-02-27
0.0,18140.600000000002,26.8,17.9,2021-02-28
0.0,20873.3,28.1,19.3,2021-03-01
0.0,22579.2,28.6,16.9,2021-03-02
0.0,25499.699999999997,29.2,18.4,2021-03-03
0.0,26179.800000000003,29.6,16.7,2021-03-04
18.2,19477.700000000004,29.4,17.9,2021-03-05
21.8,15542.400000000001,28.3,19.2,2021-03-06
5.6000000000000005,13274.0,25.6,19.1,2021-03-07
33.800000000000004,15289.199999999999,25.9,17.6,2021-03-08
2.4,16647.299999999996,27.1,18.6,2021-03-09
0.4,19290.899999999998,28.0,18.0,2021-03-10
0.0,19266.6,28.6,20.3,2021-03-11
0.0,22794.399999999994,30.8,19.5,2021-03-12
18.4,14982.9,29.8,19.7,2021-03-13
0.0,20518.699999999997,29.5,18.4,2021-03-14
0.0,24057.3,30.0,18.1,2021-03-15
0.0,21988.800000000007,30.0,16.9,2021-03-16
0.0,25489.500000000004,30.0,17.3,2021-03-17
0.0,23136.4,30.1,17.8,2021-03-18
2.6,16105.1,28.8,17.6,2021-03-19
0.0,22186.3,29.6,18.2,2021-03-20
0.0,25536.8,29.6,15.6,2021-03-21
0.0,23753.3,30.5,16.6,2021-03-22
0.0,22846.2,31.3,17.7,2021-03-23
0.0,19049.499999999996,30.5,17.4,2021-03-24
0.0,19098.5,31.1,18.1,2021-03-25
0.0,20825.0,30.4,19.4,2021-03-26
0.0,23776.999999999996,31.3,18.7,2021-03-27
0.0,22926.700000000004,32.2,18.3,2021-03-28
1.5999999999999999,21272.5,30.7,17.7,2021-03-29
0.0,19496.000000000004,31.2,18.5,2021-03-30
0.0,21290.300000000003,30.3,16.8,2021-03-31
0.0,23386.199999999997,28.5,15.6,2021-04-01
0.0,21742.899999999998,29.3,14.0,2021-04-02
0.0,15978.800000000003,29.3,16.7,2021-04-03
0.0,21076.399999999998,30.3,18.6,2021-04-04
0.0,17683.6,27.6,18.1,2021-04-05
0.0,13091.800000000001,26.4,14.4,2021-04-06
0.0,16736.199999999997,28.3,15.4,2021-04-07
0.0,21903.799999999996,27.0,16.5,2021-04-08
0.0,19825.500000000004,27.0,12.7,2021-04-09
0.0,23835.699999999997,27.6,13.1,2021-04-10
0.0,23521.300000000003,28.7,13.5,2021-04-11
0.0,23313.699999999997,29.0,13.1,2021-04-12
0.0,22649.500000000004,29.6,12.7,2021-04-13
0.0,18338.800000000003,27.7,18.0,2021-04-14
0.0,21825.999999999996,27.2,14.1,2021-04-15
0.0,18963.899999999998,27.9,12.4,2021-04-16
0.0,19374.200000000004,26.9,13.3,2021-04-17
0.0,13484.8,26.2,16.3,2021-04-18
0.0,17137.4,27.8,16.4,2021-04-19
0.0,22156.899999999998,27.1,13.0,2021-04-20
0.0,21565.3,27.2,12.2,2021-04-21
0.0,20994.5,28.7,11.6,2021-04-22
0.0,19091.799999999996,28.5,11.3,2021-04-23
0.0,20934.800000000003,29.5,12.7,2021-04-24
0.0,20720.5,30.6,14.3,2021-04-25
0.0,19529.1,30.7,14.6,2021-04-26
0.0,14585.699999999999,28.5,18.1,2021-04-27
0.0,18065.4,28.9,15.3,2021-04-28
0.0,14773.600000000002,26.9,12.7,2021-04-29
0.0,17249.0,25.8,16.1,2021-04-30
0.0,17132.8,25.3,15.4,2021-05-01
0.0,16262.7,25.6,12.0,2021-05-02
0.0,16393.1,27.3,11.2,2021-05-03
0.0,18301.699999999997,27.5,14.7,2021-05-04
0.0,17022.3,28.0,13.3,2021-05-05
0.0,16571.899999999998,28.8,13.6,2021-05-06
0.0,18701.4,29.8,15.6,2021-05-07
0.0,17336.600000000002,27.8,14.8,2021-05-08
0.0,17402.5,26.3,13.6,2021-05-09
0.0,18909.3,26.2,11.2,2021-05-10
0.0,18321.8,26.1,11.8,2021-05-11
0.0,17397.000000000004,26.2,13.8,2021-05-12
0.0,12522.099999999997,26.0,12.8,2021-05-13
0.0,10331.8,23.9,15.3,2021-05-14
0.0,11258.799999999997,24.2,15.1,2021-05-15
2.0,14712.1,26.4,14.6,2021-05-16
7.2,18053.600000000006,27.2,13.3,2021-05-17
0.0,17380.100000000002,25.7,12.0,2021-05-18
0.0,17524.899999999998,27.1,12.9,2021-05-19
0.0,18120.199999999997,27.4,12.1,2021-05-20
0.0,16132.5,28.3,11.7,2021-05-21
3.8000000000000003,16108.900000000001,29.5,13.7,2021-05-22
1.2,10368.300000000001,23.7,14.8,2021-05-23
0.0,14935.6,27.3,17.3,2021-05-24
0.0,16884.300000000003,27.5,10.3,2021-05-25
0.0,16553.4,28.7,12.8,2021-05-26
0.0,17078.4,29.2,14.5,2021-05-27
0.0,14776.3,28.1,13.5,2021-05-28
10.399999999999999,13351.999999999998,28.5,17.8,2021-05-29
0.2,13044.600000000002,27.7,16.3,2021-05-30
31.2,6712.500000000001,24.3,16.6,2021-05-31
0.0,10861.500000000002,22.8,14.8,2021-06-01
0.2,14140.299999999997,27.1,13.2,2021-06-02
0.0,15428.200000000003,28.3,14.7,2021-06-03
0.0,17125.2,27.1,12.7,2021-06-04
0.0,17386.8,25.8,12.5,2021-06-05
0.0,12272.5,25.6,13.6,2021-06-06
0.0,17618.2,27.3,13.2,2021-06-07
0.0,15611.099999999999,27.4,12.7,2021-06-08
0.4,10756.5,25.4,15.0,2021-06-09
0.0,15122.3,26.1,13.5,2021-06-10
0.4,5483.5,22.4,17.3,2021-06-11
0.0,14291.4,24.2,14.8,2021-06-12
0.0,17271.8,23.6,7.4,2021-06-13
0.0,17226.5,23.7,8.5,2021-06-14
0.0,15872.700000000003,24.7,9.9,2021-06-15
0.2,16053.400000000001,25.6,11.6,2021-06-16
0.0,17113.600000000002,24.3,8.4,2021-06-17
0.0,16083.8,24.2,7.8,2021-06-18
0.0,16528.399999999998,24.7,10.4,2021-06-19
0.0,15318.900000000001,25.4,12.4,2021-06-20
0.0,16531.1,26.1,12.3,2021-06-21
0.0,13954.5,26.8,12.7,2021-06-22
0.0,15201.9,24.6,12.4,2021-06-23
0.0,17048.3,24.9,9.6,2021-06-24
0.0,16546.2,26.9,11.5,2021-06-25
0.0,16746.5,26.4,11.7,2021-06-26
0.0,17461.999999999996,25.0,10.6,2021-06-27
0.0,17354.399999999998,25.0,9.5,2021-06-28
0.0,16108.399999999998,23.8,10.2,2021-06-29
0.0,16020.099999999999,20.6,9.7,2021-06-30
0.0,12735.000000000002,23.3,5.0,2021-07-01
0.0,12259.6,22.9,9.0,2021-07-02
0.0,16994.000000000004,22.5,8.9,2021-07-03
0.0,17345.699999999997,22.9,7.6,2021-07-04
0.0,17414.500000000004,22.7,6.5,2021-07-05
0.0,17298.4,23.2,6.6,2021-07-06
0.0,12735.3,23.1,7.4,2021-07-07
0.0,16799.4,24.0,0.0,2021-07-08
0.0,16422.999999999996,24.4,6.6,2021-07-09
0.0,17084.7,24.6,7.3,2021-07-10
0.0,17343.2,25.0,8.4,2021-07-11
0.0,17468.5,24.8,8.8,2021-07-12
0.0,17815.800000000003,24.8,9.5,2021-07-13
0.0,13467.699999999999,24.3,9.7,2021-07-14
0.0,15393.7,26.2,9.1,2021-07-15
0.0,17417.600000000002,27.5,11.4,2021-07-16
0.0,16720.8,29.0,12.8,2021-07-17
0.0,14220.3,28.6,13.8,2021-07-18
0.0,18978.7,24.0,10.0,2021-07-19
0.0,17013.2,24.8,0.0,2021-07-20
0.0,17288.9,26.7,0.0,2021-07-21
0.0,17691.1,27.0,8.6,2021-07-22
0.0,18333.4,24.3,8.6,2021-07-23
0.0,18794.8,24.6,7.7,2021-07-24
0.0,18771.3,25.7,10.8,2021-07-25
0.0,18635.700000000004,25.0,10.7,2021-07-26
0.0,18443.399999999998,27.0,9.1,2021-07-27
0.0,13106.6,27.0,16.1,2021-07-28
0.0,19406.199999999997,20.1,7.7,2021-07-29
0.0,18723.3,22.9,0.0,2021-07-30
0.0,18110.2,22.7,8.6,2021-07-31
0.0,18441.9,24.5,6.7,2021-08-01
0.0,18043.399999999998,24.6,8.2,2021-08-02
0.0,16279.3,26.7,10.4,2021-08-03
0.0,14201.7,22.2,12.7,2021-08-04
0.0,15397.999999999998,23.7,12.9,2021-08-05
0.0,9996.3,23.2,15.3,2021-08-06
0.0,14668.3,22.5,11.1,2021-08-07
0.0,16202.9,24.4,10.1,2021-08-08
0.0,16395.899999999998,26.5,10.8,2021-08-09
0.0,16805.3,27.7,10.8,2021-08-10
0.0,18890.6,29.2,11.4,2021-08-11
0.0,17904.0,27.9,10.1,2021-08-12
0.0,17808.8,27.8,12.0,2021-08-13
0.0,18339.8,28.3,12.8,2021-08-14
0.0,16705.9,29.7,12.1,2021-08-15
0.0,18434.8,30.0,13.5,2021-08-16
2.0,18550.800000000003,27.9,13.1,2021-08-17
0.0,20141.999999999996,30.6,13.3,2021-08-18
0.0,21173.099999999995,27.9,12.7,2021-08-19
0.0,19778.799999999996,27.9,13.2,2021-08-20
0.0,19833.800000000003,28.6,11.7,2021-08-21
0.0,21789.800000000003,28.3,14.1,2021-08-22
0.0,21458.999999999996,30.1,12.6,2021-08-23
0.0,20998.5,30.5,13.2,2021-08-24
0.0,19766.3,29.8,13.8,2021-08-25
0.0,20249.6,30.5,14.5,2021-08-26
0.0,19627.599999999995,31.2,14.6,2021-08-27
0.0,13905.099999999999,26.3,15.4,2021-08-28
0.0,15263.100000000002,26.0,12.7,2021-08-29
0.0,17338.7,25.6,16.2,2021-08-30
0.0,18619.899999999998,25.4,16.3,2021-08-31
0.0,17958.3,26.0,12.7,2021-09-01
0.0,22453.7,27.9,13.5,2021-09-02
0.0,19788.300000000003,29.5,13.4,2021-09-03
0.0,20060.8,31.5,14.1,2021-09-04
0.0,21710.0,33.0,15.4,2021-09-05
0.0,21310.399999999998,34.7,16.0,2021-09-06
0.0,20222.999999999996,33.0,16.7,2021-09-07
0.0,21549.2,33.3,16.0,2021-09-08
0.0,19845.100000000002,33.9,19.9,2021-09-09
0.0,16636.0,32.7,19.2,2021-09-10
0.0,15998.499999999998,33.1,20.7,2021-09-11
0.0,19346.1,33.5,19.8,2021-09-12
0.0,19972.899999999998,32.5,16.8,2021-09-13
0.0,19473.800000000003,34.2,19.4,2021-09-14
0.0,14038.299999999997,35.0,19.3,2021-09-15
0.0,17922.799999999996,33.3,21.0,2021-09-16
0.0,18533.500000000004,31.2,18.7,2021-09-17
0.0,21342.3,32.2,18.4,2021-09-18
0.0,22074.399999999998,35.2,17.1,2021-09-19
0.0,22213.5,35.3,20.0,2021-09-20
0.0,19722.6,35.7,19.4,2021-09-21
0.0,20862.300000000003,30.4,18.8,2021-09-22
0.0,21775.700000000004,29.4,13.8,2021-09-23
0.0,22824.100000000002,30.9,13.6,2021-09-24
0.0,17779.699999999997,31.8,18.7,2021-09-25
0.0,18955.6,29.8,17.6,2021-09-26
0.0,20755.6,32.1,15.0,2021-09-27
0.0,21714.800000000003,33.4,16.3,2021-09-28
0.2,21835.300000000003,34.0,16.8,2021-09-29
0.4,21892.300000000003,33.4,17.6,2021-09-30
4.8,23339.8,34.3,17.9,2021-10-01
16.599999999999998,21994.7,31.3,18.5,2021-10-02
0.0,22440.499999999996,31.9,18.6,2021-10-03
4.6,17603.2,33.2,19.9,2021-10-04
4.2,20824.9,31.8,19.1,2021-10-05
0.0,21395.800000000003,32.5,20.1,2021-10-06
36.4,4996.7,25.1,17.5,2021-10-07
0.0,17159.600000000002,27.4,18.4,2021-10-08
9.0,14422.800000000001,27.0,17.6,2021-10-09
27.2,7364.0,22.4,17.9,2021-10-10
38.0,6801.400000000001,21.8,17.2,2021-10-11
0.0,21730.899999999998,27.9,15.9,2021-10-12
0.0,20667.499999999996,28.1,16.1,2021-10-13
10.2,19044.100000000002,29.3,18.1,2021-10-14
0.2,18668.500000000004,28.6,17.0,2021-10-15
13.200000000000001,8575.0,25.7,18.9,2021-10-16
36.4,17341.699999999997,30.1,17.8,2021-10-17
3.4,11872.9,26.4,18.1,2021-10-18
1.0,16103.099999999999,27.1,17.6,2021-10-19
25.8,12595.0,22.1,14.8,2021-10-20
0.0,18814.599999999995,23.9,15.3,2021-10-21
0.0,18846.1,27.5,15.5,2021-10-22
0.0,24981.5,29.8,17.4,2021-10-23
29.4,13376.599999999999,26.4,18.3,2021-10-24
0.0,16235.2,27.5,17.3,2021-10-25
8.200000000000001,8432.5,25.5,19.0,2021-10-26
0.0,16772.0,29.2,19.3,2021-10-27
0.0,15079.100000000002,27.9,19.5,2021-10-28
0.0,19836.100000000002,28.5,19.9,2021-10-29
0.0,21364.699999999997,28.9,18.4,2021-10-30
46.40000000000003,7811.299999999999,23.5,17.8,2021-10-31
20.6,12545.699999999999,25.4,18.6,2021-11-01
0.4,23397.7,27.8,16.7,2021-11-02
0.0,24996.9,30.3,16.6,2021-11-03
0.0,25420.699999999997,31.6,18.4,2021-11-04
0.0,26181.9,31.1,17.0,2021-11-05
0.0,28022.9,31.9,17.2,2021-11-06
0.0,24637.4,31.7,17.0,2021-11-07
0.2,25309.499999999996,31.7,20.0,2021-11-08
31.799999999999997,26362.200000000004,29.6,18.4,2021-11-09
21.000000000000004,20657.999999999996,28.0,18.6,2021-11-10
40.800000000000004,5894.400000000001,23.2,18.5,2021-11-11
4.4,8664.0,21.2,16.3,2021-11-12
0.0,21997.200000000004,24.6,14.1,2021-11-13
0.0,23069.1,26.5,14.1,2021-11-14
0.0,24105.7,27.4,15.4,2021-11-15
0.0,21383.699999999997,28.4,14.9,2021-11-16
0.0,26131.3,30.1,17.1,2021-11-17
5.2,11777.0,24.1,20.2,2021-11-18
30.0,8927.0,23.2,19.1,2021-11-19
2.2,13550.199999999999,26.4,19.8,2021-11-20
0.0,14729.500000000002,25.4,17.7,2021-11-21
0.0,25861.8,29.4,18.4,2021-11-22
0.0,30805.199999999997,31.8,16.2,2021-11-23
0.0,25163.8,31.3,15.6,2021-11-24
0.0,28242.500000000004,32.1,18.1,2021-11-25
1.4000000000000001,9275.600000000002,25.3,20.0,2021-11-26
34.6,23637.800000000003,28.1,18.2,2021-11-27
0.0,21034.7,29.5,17.4,2021-11-28
0.0,28327.9,31.7,18.7,2021-11-29
13.4,17382.6,28.9,19.8,2021-11-30
9.399999999999999,20411.499999999996,30.1,19.4,2021-12-01
0.0,25833.4,31.7,19.8,2021-12-02
0.0,19239.800000000003,29.0,18.7,2021-12-03
0.0,20416.300000000003,28.5,18.8,2021-12-04
0.6000000000000001,23069.199999999997,29.7,19.1,2021-12-05
35.6,9990.900000000001,22.6,18.2,2021-12-06
4.8,19770.600000000002,26.3,17.1,2021-12-07
1.8,10578.9,21.6,16.3,2021-12-08
0.2,26807.799999999996,27.7,13.1,2021-12-09
0.0,26497.500000000004,30.3,15.0,2021-12-10
0.0,24949.199999999997,29.5,17.4,2021-12-11
0.0,22407.2,29.6,21.9,2021-12-12
83.2,13218.1,24.3,18.5,2021-12-13
11.399999999999999,19538.700000000004,28.2,20.5,2021-12-14
9.2,13543.3,25.5,20.0,2021-12-15
17.6,19348.800000000003,28.6,19.6,2021-12-16
57.2,6610.900000000001,22.6,19.3,2021-12-17
2.2,21542.100000000002,28.3,19.6,2021-12-18
0.0,15812.9,25.3,18.9,2021-12-19
0.0,23915.600000000002,28.6,17.5,2021-12-20
0.0,19589.000000000004,27.9,18.5,2021-12-21
0.0,25474.399999999998,30.5,18.5,2021-12-22
5.2,20468.7,29.1,20.0,2021-12-23
0.0,20783.9,27.7,17.1,2021-12-24
0.0,23470.1,28.2,17.6,2021-12-25
0.0,29121.900000000005,30.5,16.9,2021-12-26
0.0,29621.6,29.9,17.9,2021-12-27
0.0,22141.800000000003,31.1,20.1,2021-12-28
0.0,18427.4,27.5,19.0,2021-12-29
11.999999999999998,7719.999999999999,22.8,19.0,2021-12-30
43.80000000000001,6067.9,20.8,17.3,2021-12-31
26.599999999999998,18459.1,25.6,17.5,2022-01-01
14.599999999999998,17013.2,27.7,18.5,2022-01-02
45.0,17995.600000000002,27.3,19.3,2022-01-03
3.2000000000000006,12887.300000000001,25.2,20.0,2022-01-04
41.199999999999996,15016.199999999999,26.3,19.4,2022-01-05
21.599999999999998,12035.199999999997,25.5,19.3,2022-01-06
12.799999999999997,10639.2,24.7,20.1,2022-01-07
14.4,9354.899999999998,22.5,18.6,2022-01-08
25.0,6567.799999999999,21.8,18.9,2022-01-09
6.3999999999999995,10430.199999999999,23.4,18.8,2022-01-10
6.4,8902.6,22.9,18.7,2022-01-11
0.4,21704.499999999996,28.2,19.3,2022-01-12
2.0,20974.5,30.2,19.6,2022-01-13
0.0,28595.8,32.9,19.0,2022-01-14
7.2,22680.899999999998,30.6,17.9,2022-01-15
8.399999999999999,12962.0,26.5,18.5,2022-01-16
2.2,24009.600000000006,29.6,18.4,2022-01-17
1.2,18734.300000000003,29.9,19.5,2022-01-18
26.6,18745.7,29.2,16.9,2022-01-19
0.4,8860.699999999999,28.9,0.0,2022-01-20
0.0,2264.0,28.6,0.0,2022-01-21
0.0,3257.8,30.9,0.0,2022-01-22
0.0,10589.4,31.3,0.0,2022-01-23
0.0,13596.0,31.5,0.0,2022-01-24
0.0,0.0,0.0,0.0,2022-01-25
0.0,10181.8,30.4,0.0,2022-01-26
0.0,0.0,0.0,0.0,2022-01-27
0.0,1209.0,0.0,0.0,2022-01-28
5.4,4007.2,26.4,0.0,2022-01-29
0.0,5424.299999999999,27.2,0.0,2022-01-30
9.0,6894.099999999999,25.8,0.0,2022-01-31
0.0,3562.8,26.9,0.0,2022-02-01
0.0,12873.7,26.8,0.0,2022-02-02
0.0,0.0,0.0,0.0,2022-02-03
3.2,6870.499999999999,29.7,0.0,2022-02-04
0.0,2754.0,29.0,0.0,2022-02-05
0.0,1707.5,25.6,0.0,2022-02-06
0.2,11252.300000000001,25.5,0.0,2022-02-07
0.0,0.0,0.0,0.0,2022-02-08
0.0,3385.8,24.7,0.0,2022-02-09
0.0,0.0,0.0,0.0,2022-02-10
0.0,6081.7,26.0,0.0,2022-02-11
0.0,0.0,0.0,0.0,2022-02-12
0.0,12060.500000000002,27.7,0.0,2022-02-13
0.0,3018.4,28.7,0.0,2022-02-14
0.0,4493.8,29.8,0.0,2022-02-15
0.0,2892.4,29.1,0.0,2022-02-16
0.0,0.0,0.0,0.0,2022-02-17
0.0,0.0,0.0,0.0,2022-02-18
0.0,0.0,0.0,0.0,2022-02-19
0.0,0.0,0.0,0.0,2022-02-20
0.0,0.0,0.0,0.0,2022-02-21
0.0,0.0,0.0,0.0,2022-02-22
0.0,0.0,0.0,0.0,2022-02-23
0.0,0.0,0.0,0.0,2022-02-24
0.0,52.5,24.2,0.0,2022-02-25
0.0,24403.399999999998,30.7,18.5,2022-02-26
0.0,25314.400000000005,30.0,18.6,2022-02-27
0.0,26812.399999999994,30.3,18.8,2022-02-28
0.0,22646.2,29.7,19.8,2022-03-01
0.0,24564.499999999996,29.9,19.5,2022-03-02
0.0,25973.1,30.5,17.8,2022-03-03
1.2,23106.1,30.3,17.6,2022-03-04
0.0,20943.799999999996,30.0,19.3,2022-03-05
7.6000000000000005,22958.1,30.1,19.7,2022-03-06
0.0,25216.499999999996,30.3,17.2,2022-03-07
0.0,22182.100000000002,30.9,17.5,2022-03-08
0.0,23767.0,31.0,17.9,2022-03-09
0.0,23739.9,30.0,18.4,2022-03-10
0.0,26570.3,31.4,18.1,2022-03-11
0.0,12005.400000000001,28.0,21.0,2022-03-12
3.8000000000000003,15613.100000000004,26.8,18.8,2022-03-13
1.8,18918.699999999997,28.0,19.4,2022-03-14
0.2,16595.699999999997,30.1,20.4,2022-03-15
0.0,21060.499999999996,30.2,20.0,2022-03-16
0.0,23740.1,30.3,20.9,2022-03-17
0.0,22653.2,31.6,19.1,2022-03-18
0.0,25904.199999999997,30.9,20.7,2022-03-19
0.0,19859.1,30.5,17.8,2022-03-20
0.0,8779.6,24.0,19.1,2022-03-21
0.0,24754.000000000004,28.2,15.9,2022-03-22
0.0,21210.700000000004,28.3,17.2,2022-03-23
0.0,23928.0,29.8,18.1,2022-03-24
0.0,21843.7,30.0,17.5,2022-03-25
0.0,23820.6,31.6,18.3,2022-03-26
0.0,22206.499999999996,32.3,18.2,2022-03-27
9.6,22794.2,31.7,18.5,2022-03-28
33.800000000000004,20285.6,30.1,18.4,2022-03-29
0.0,22797.600000000006,30.4,18.2,2022-03-30
10.8,17847.6,30.2,18.8,2022-03-31
10.0,15700.499999999998,28.7,18.4,2022-04-01
7.8,14092.0,27.8,18.5,2022-04-02
0.0,16039.9,28.6,20.0,2022-04-03
0.0,19302.6,28.6,19.1,2022-04-04
0.0,20096.6,30.2,18.6,2022-04-05
0.0,18321.499999999996,29.6,19.2,2022-04-06
0.0,19390.1,30.2,18.7,2022-04-07
0.0,17479.099999999995,29.7,20.7,2022-04-08
16.2,15732.3,28.5,18.8,2022-04-09
4.2,22491.7,29.5,16.5,2022-04-10
0.0,20539.300000000003,29.7,17.2,2022-04-11
0.0,13881.599999999999,27.8,18.9,2022-04-12
0.0,18392.6,29.4,18.8,2022-04-13
1.0,17475.6,29.8,19.8,2022-04-14
0.0,19320.5,26.7,17.3,2022-04-15
0.0,23083.9,25.8,15.3,2022-04-16
0.0,18231.5,26.2,12.0,2022-04-17
0.0,20649.899999999998,26.8,13.5,2022-04-18
0.0,21308.6,27.1,13.0,2022-04-19
0.0,21700.5,28.4,13.8,2022-04-20
0.0,17708.9,28.0,14.4,2022-04-21
0.0,19522.0,28.7,15.8,2022-04-22
0.0,20113.100000000002,30.7,15.7,2022-04-23
0.0,19672.4,30.0,16.0,2022-04-24
0.0,17478.6,28.0,19.3,2022-04-25
0.0,17025.399999999998,29.3,16.1,2022-04-26
0.0,18737.0,28.2,16.9,2022-04-27
0.0,19452.799999999996,28.6,15.9,2022-04-28
0.0,17900.1,29.7,15.1,2022-04-29
0.0,9445.899999999998,25.6,15.7,2022-04-30
0.0,19899.5,28.2,14.4,2022-05-01
0.0,16491.2,28.8,14.6,2022-05-02
0.0,19355.2,29.0,16.3,2022-05-03
0.6000000000000001,13331.9,27.8,19.5,2022-05-04
0.0,18042.800000000003,25.8,15.9,2022-05-05
0.0,19654.600000000002,28.4,13.3,2022-05-06
0.0,15299.799999999997,27.8,14.8,2022-05-07
0.0,17029.1,25.9,14.9,2022-05-08
0.0,15282.9,24.9,14.6,2022-05-09
0.0,19328.700000000004,25.5,10.9,2022-05-10
0.0,16799.600000000002,26.2,11.1,2022-05-11
0.0,13528.199999999999,26.0,17.1,2022-05-12
0.0,17418.7,28.0,13.3,2022-05-13
0.0,16993.7,28.0,12.8,2022-05-14
4.800000000000001,5991.9,21.1,16.7,2022-05-15
22.799999999999997,13249.4,24.3,16.3,2022-05-16
0.0,16008.8,21.9,13.9,2022-05-17
0.0,19487.0,16.6,7.0,2022-05-18
0.0,16912.600000000002,16.4,6.4,2022-05-19
0.0,17680.3,20.6,0.0,2022-05-20
0.0,18138.7,22.6,5.3,2022-05-21
0.0,18512.1,23.6,8.6,2022-05-22
0.0,17961.600000000006,24.5,8.8,2022-05-23
0.0,16121.1,24.2,9.7,2022-05-24
0.0,16330.699999999999,23.7,11.8,2022-05-25
0.0,14696.3,24.5,14.3,2022-05-26
0.0,16718.6,24.1,14.7,2022-05-27
0.0,15033.4,24.4,9.9,2022-05-28
0.0,17791.9,26.0,9.7,2022-05-29
0.0,17414.800000000003,27.2,11.4,2022-05-30
0.0,14681.999999999998,27.9,13.8,2022-05-31
0.0,16429.1,28.0,14.3,2022-06-01
0.0,16761.2,27.5,14.6,2022-06-02
0.0,16307.900000000001,28.1,13.6,2022-06-03
0.0,16476.800000000003,26.1,15.6,2022-06-04
0.0,16391.8,24.1,10.2,2022-06-05
0.0,17174.2,24.0,10.0,2022-06-06
0.0,16949.0,25.8,11.2,2022-06-07
0.0,9388.699999999999,24.9,12.8,2022-06-08
0.0,12165.8,25.8,15.4,2022-06-09
0.2,12063.899999999998,25.5,16.3,2022-06-10
0.0,8870.400000000001,24.3,15.9,2022-06-11
0.0,12022.9,22.3,15.4,2022-06-12
0.0,16524.899999999998,23.0,10.4,2022-06-13
0.0,17225.399999999998,23.7,0.0,2022-06-14
0.0,15800.199999999999,25.0,7.9,2022-06-15
0.0,16541.6,25.1,9.1,2022-06-16
0.0,16887.1,26.1,10.2,2022-06-17
0.0,6051.0,20.6,11.3,2022-06-18
0.0,13163.5,25.3,9.7,2022-06-19
0.0,14983.400000000001,25.9,11.0,2022-06-20
0.0,16136.500000000002,26.6,13.0,2022-06-21
0.0,16794.4,25.9,11.4,2022-06-22
0.0,16466.2,26.0,10.2,2022-06-23
0.0,16049.199999999997,26.1,9.2,2022-06-24
0.0,16883.0,26.4,9.3,2022-06-25
0.0,16056.1,25.4,11.4,2022-06-26
0.0,14235.100000000002,23.8,13.0,2022-06-27
0.0,16183.9,22.8,9.4,2022-06-28
0.0,16430.1,26.2,10.7,2022-06-29
0.0,16610.7,25.6,11.4,2022-06-30
0.0,16335.9,26.7,10.5,2022-07-01
0.0,16644.8,25.8,11.0,2022-07-02
0.0,16791.8,27.2,11.0,2022-07-03
0.0,17204.5,25.2,11.2,2022-07-04
0.0,16961.000000000004,24.7,10.3,2022-07-05
0.0,17150.9,25.3,11.4,2022-07-06
0.0,15709.6,25.6,12.1,2022-07-07
0.0,16157.2,25.4,10.1,2022-07-08
0.0,13392.8,24.0,11.5,2022-07-09
0.0,16590.8,24.4,14.2,2022-07-10
0.0,17383.4,24.2,14.2,2022-07-11
0.0,16109.4,25.6,9.8,2022-07-12
0.0,16865.9,27.1,10.8,2022-07-13
0.0,15471.099999999999,24.9,14.6,2022-07-14
0.0,16047.700000000003,26.1,11.2,2022-07-15
0.0,14979.500000000002,26.1,12.3,2022-07-16
0.0,14867.6,28.7,12.3,2022-07-17
0.0,17589.200000000004,28.4,12.7,2022-07-18
0.0,17347.000000000004,27.3,10.5,2022-07-19
0.0,17199.899999999994,26.5,11.0,2022-07-20
0.0,14871.500000000002,25.7,13.1,2022-07-21
0.0,17154.1,26.4,10.5,2022-07-22
0.0,15953.199999999999,25.9,9.5,2022-07-23
0.0,16744.199999999997,27.1,12.1,2022-07-24
0.0,17960.999999999996,26.8,10.9,2022-07-25
0.0,17837.9,26.6,10.3,2022-07-26
0.0,17984.499999999996,25.9,10.8,2022-07-27
0.0,17897.8,25.3,11.3,2022-07-28
0.0,16206.300000000003,29.3,14.3,2022-07-29
0.0,16656.300000000003,28.5,12.9,2022-07-30
0.0,15375.9,27.6,9.5,2022-07-31
0.0,16271.599999999999,28.2,12.1,2022-08-01
0.0,16004.1,28.8,13.4,2022-08-02
0.0,17088.100000000002,28.2,11.7,2022-08-03
0.0,17409.899999999998,27.2,13.7,2022-08-04
0.0,18162.100000000002,30.0,13.4,2022-08-05
0.0,16929.100000000002,30.2,13.1,2022-08-06
0.0,17961.600000000006,29.9,15.1,2022-08-07
0.0,7856.400000000001,25.6,17.1,2022-08-08
0.0,10296.600000000002,25.7,12.0,2022-08-09
7.400000000000001,4719.7,20.2,12.9,2022-08-10
0.0,20879.800000000003,20.6,0.0,2022-08-11
0.0,20066.399999999998,24.4,10.5,2022-08-12
0.0,20504.899999999998,26.1,7.9,2022-08-13
0.0,20632.699999999997,26.4,9.9,2022-08-14
0.0,21261.500000000004,25.9,11.0,2022-08-15
0.0,20407.7,28.7,10.9,2022-08-16
0.0,21091.000000000004,30.5,19.0,2022-08-17
0.0,21143.1,29.4,17.0,2022-08-18
0.0,16051.9,29.1,13.0,2022-08-19
0.0,16441.3,21.7,13.2,2022-08-20
0.0,15108.2,23.0,10.6,2022-08-21
0.0,21885.3,25.2,8.1,2022-08-22
0.0,20276.8,26.2,9.2,2022-08-23
0.0,17749.5,26.4,10.3,2022-08-24
0.0,12880.6,25.9,17.2,2022-08-25
0.0,13671.100000000002,26.2,15.3,2022-08-26
0.0,17387.8,28.1,16.4,2022-08-27
0.0,20433.8,30.2,13.9,2022-08-28
0.0,16540.8,26.8,13.4,2022-08-29
0.0,14462.199999999999,22.1,12.0,2022-08-30
0.0,23197.399999999998,24.2,10.7,2022-08-31
0.0,23039.3,25.0,8.1,2022-09-01
0.0,22951.699999999997,26.7,10.3,2022-09-02
0.0,21969.0,30.5,11.9,2022-09-03
0.0,21021.1,30.6,14.4,2022-09-04
0.0,20711.100000000006,27.4,14.9,2022-09-05
0.0,20284.799999999996,25.8,13.7,2022-09-06
0.0,21714.8,26.1,12.4,2022-09-07
0.0,21834.5,29.6,14.5,2022-09-08
0.0,22924.1,31.7,14.7,2022-09-09
0.0,21698.5,33.2,15.7,2022-09-10
0.0,20338.2,34.4,16.4,2022-09-11
0.0,21198.3,31.7,17.3,2022-09-12
0.0,21446.4,32.2,15.9,2022-09-13
0.0,18871.0,34.1,19.6,2022-09-14
0.0,9653.099999999999,26.2,17.7,2022-09-15
0.0,5951.9,22.6,17.5,2022-09-16
0.0,9894.0,21.8,15.2,2022-09-17
0.0,19302.1,26.1,13.3,2022-09-18
0.0,23793.300000000003,30.6,12.3,2022-09-19
0.0,13680.6,28.5,17.2,2022-09-20
0.0,16859.4,31.4,19.0,2022-09-21
5.0,7458.700000000002,26.0,18.6,2022-09-22
0.0,21953.4,27.2,17.8,2022-09-23
0.0,25730.0,30.2,10.4,2022-09-24
0.0,22496.899999999998,30.5,13.7,2022-09-25
0.0,21419.600000000002,30.4,18.7,2022-09-26
26.8,11051.699999999999,25.7,17.8,2022-09-27
0.6000000000000001,11018.599999999999,25.7,18.9,2022-09-28
0.2,14952.300000000003,26.1,17.1,2022-09-29
27.6,16725.1,27.5,17.3,2022-09-30
38.0,19035.7,26.8,16.7,2022-10-01
1.2,23176.3,31.3,17.7,2022-10-02
6.3999999999999995,18910.000000000004,29.1,16.3,2022-10-03
26.8,16655.7,27.8,14.8,2022-10-04
0.0,25339.800000000003,30.8,15.4,2022-10-05
0.0,18168.899999999998,29.3,17.9,2022-10-06
20.599999999999998,5307.7,24.8,18.3,2022-10-07
0.0,18197.499999999996,28.2,17.9,2022-10-08
0.0,9388.4,25.5,18.6,2022-10-09
0.0,20343.899999999998,31.6,19.2,2022-10-10
0.6,22839.100000000002,31.6,16.9,2022-10-11
0.0,24269.7,32.2,17.2,2022-10-12
0.0,23699.399999999994,31.7,16.3,2022-10-13
0.0,26752.4,31.9,17.9,2022-10-14
0.0,24796.2,29.6,19.4,2022-10-15
0.0,24817.399999999994,29.3,16.9,2022-10-16
0.0,21839.3,29.8,15.7,2022-10-17
0.0,22922.600000000002,31.0,17.5,2022-10-18
6.6,16928.1,30.2,18.4,2022-10-19
0.2,25022.500000000004,30.3,15.0,2022-10-20
0.2,13081.800000000003,27.6,19.1,2022-10-21
0.0,19488.5,29.1,16.8,2022-10-22
0.0,15116.5,28.1,19.5,2022-10-23
0.0,17388.3,29.8,18.2,2022-10-24
0.4,24784.999999999996,30.1,17.6,2022-10-25
0.0,24700.199999999997,30.6,17.8,2022-10-26
0.0,22953.2,31.7,19.4,2022-10-27
4.2,18434.3,28.7,18.7,2022-10-28
0.6000000000000001,25375.399999999998,31.5,19.9,2022-10-29
17.0,16611.100000000002,29.1,18.8,2022-10-30
7.6,11685.6,25.7,19.6,2022-10-31
0.2,16895.5,27.9,18.3,2022-11-01
8.999999999999998,8348.500000000002,22.5,14.6,2022-11-02
0.4,8445.5,17.9,13.4,2022-11-03
0.0,17800.499999999996,22.2,12.9,2022-11-04
0.0,27795.2,25.9,12.1,2022-11-05
1.0,16904.300000000003,23.4,14.9,2022-11-06
2.0,17097.5,25.4,16.1,2022-11-07
3.0,16271.8,27.2,14.4,2022-11-08
17.599999999999998,14371.1,25.2,15.8,2022-11-09
1.2000000000000002,24328.199999999997,29.1,16.3,2022-11-10
7.8,24935.0,29.8,17.4,2022-11-11
0.2,21759.9,27.9,18.1,2022-11-12
0.0,26816.500000000004,30.1,19.5,2022-11-13
14.399999999999999,12732.0,28.4,19.4,2022-11-14
0.0,18105.2,28.4,18.9,2022-11-15
0.2,22906.8,29.9,17.3,2022-11-16
0.0,25624.100000000002,29.5,17.2,2022-11-17
0.0,26117.100000000002,29.1,16.9,2022-11-18
0.0,14787.2,23.6,17.6,2022-11-19
1.2,24836.6,28.2,16.2,2022-11-20
0.0,25415.9,29.8,17.4,2022-11-21
0.0,20598.999999999996,28.9,19.2,2022-11-22
0.2,9797.599999999999,24.6,19.0,2022-11-23
14.6,12698.7,23.9,15.6,2022-11-24
8.6,23585.199999999997,28.4,17.0,2022-11-25
0.0,19991.399999999998,27.8,14.3,2022-11-26
0.0,22576.3,29.7,15.8,2022-11-27
0.0,23513.4,29.5,16.6,2022-11-28
1.0,24152.899999999994,28.6,17.9,2022-11-29
0.0,20823.800000000003,26.7,17.8,2022-11-30
11.8,19910.8,27.7,17.8,2022-12-01
0.0,20886.0,28.8,19.9,2022-12-02
18.4,15460.0,25.1,18.8,2022-12-03
0.4,16499.6,24.7,19.0,2022-12-04
11.8,12055.599999999997,26.5,19.8,2022-12-05
9.600000000000001,11608.100000000002,23.5,18.8,2022-12-06
11.799999999999999,13099.500000000002,26.1,19.1,2022-12-07
0.2,25438.399999999998,29.7,18.3,2022-12-08
0.0,28135.499999999996,31.4,16.6,2022-12-09
0.0,24240.200000000008,30.3,19.4,2022-12-10
1.0,24569.999999999996,30.2,18.7,2022-12-11
1.5999999999999999,16603.5,27.9,20.0,2022-12-12
42.2,13346.9,25.8,19.0,2022-12-13
2.5999999999999996,14996.7,24.8,18.7,2022-12-14
0.0,16043.299999999997,26.2,17.5,2022-12-15
0.0,19073.9,25.8,16.2,2022-12-16
8.399999999999999,17222.300000000003,27.3,18.2,2022-12-17
2.2,22667.3,28.4,18.9,2022-12-18
5.0,11296.999999999998,24.2,19.2,2022-12-19
62.400000000000006,6932.7,22.8,19.3,2022-12-20
3.6,25240.9,28.3,18.0,2022-12-21
0.0,23786.0,27.8,17.4,2022-12-22
0.0,21996.199999999997,27.7,17.9,2022-12-23
8.8,22074.499999999996,28.7,17.3,2022-12-24
1.4,23511.3,27.6,18.7,2022-12-25
28.6,7710.599999999999,23.4,18.8,2022-12-26
19.0,20157.0,27.3,18.7,2022-12-27
23.2,6033.3,21.8,18.0,2022-12-28
27.199999999999996,7816.500000000001,24.0,18.3,2022-12-29
24.6,13144.6,27.3,19.0,2022-12-30
0.4,18445.400000000005,27.2,19.2,2022-12-31
1.4000000000000001,12406.500000000002,26.9,18.7,2023-01-01
23.800000000000004,22733.7,27.1,17.2,2023-01-02
36.0,13565.500000000002,25.1,18.0,2023-01-03
21.2,17126.399999999998,25.1,19.1,2023-01-04
6.0,16575.5,25.9,19.7,2023-01-05
51.8,13054.299999999997,25.7,19.3,2023-01-06
60.00000000000001,9816.3,25.1,17.5,2023-01-07
25.0,5652.000000000001,21.3,18.7,2023-01-08
8.4,12352.499999999998,24.9,18.6,2023-01-09
17.000000000000004,19984.499999999996,27.7,18.6,2023-01-10
14.6,17873.8,27.2,18.8,2023-01-11
5.2,20152.2,27.2,18.4,2023-01-12
0.0,19132.100000000002,28.9,20.3,2023-01-13
5.6,23013.4,29.0,19.2,2023-01-14
0.8,22326.699999999997,30.4,19.9,2023-01-15
0.8,23899.199999999997,30.4,19.2,2023-01-16
0.0,23513.399999999998,29.9,19.5,2023-01-17
0.0,23668.9,29.5,18.9,2023-01-18
2.0,25700.199999999997,27.9,18.5,2023-01-19
35.4,12468.6,23.9,17.5,2023-01-20
17.4,10643.4,24.2,18.5,2023-01-21
0.6000000000000001,19119.499999999996,28.7,19.4,2023-01-22
1.0,15143.199999999999,28.4,20.5,2023-01-23
17.0,14715.199999999995,26.4,19.8,2023-01-24
21.8,22803.199999999993,28.9,17.4,2023-01-25
2.0,28472.899999999998,30.5,17.2,2023-01-26
8.4,21519.2,28.4,19.9,2023-01-27
29.799999999999997,13660.800000000001,27.3,18.6,2023-01-28
8.2,13694.600000000002,26.5,17.7,2023-01-29
17.6,25855.4,28.9,17.5,2023-01-30
0.8,18169.899999999998,27.4,19.2,2023-01-31
0.0,24166.7,29.3,20.3,2023-02-01
0.0,20785.7,29.9,21.0,2023-02-02
0.0,27303.000000000004,30.6,19.3,2023-02-03
0.8,24466.7,30.6,19.2,2023-02-04
0.4,19743.299999999996,29.6,20.3,2023-02-05
17.0,24166.999999999996,31.9,19.7,2023-02-06
0.4,23136.200000000004,30.2,19.0,2023-02-07
0.0,22685.5,29.3,17.9,2023-02-08
0.0,24363.700000000004,29.2,18.9,2023-02-09
0.0,23550.100000000002,30.0,18.9,2023-02-10
0.0,15788.800000000001,28.0,18.5,2023-02-11
24.0,6500.699999999999,25.6,18.8,2023-02-12
0.0,21717.9,28.7,17.5,2023-02-13
1.4,23194.4,30.4,18.6,2023-02-14
4.8,23671.9,30.1,19.4,2023-02-15
21.400000000000002,22417.800000000003,29.2,19.2,2023-02-16
1.6,19458.1,29.4,19.3,2023-02-17
21.4,18049.4,28.4,19.0,2023-02-18
6.4,19753.100000000002,29.4,19.5,2023-02-19
2.6,25199.700000000004,29.4,18.0,2023-02-20
0.0,25815.499999999996,29.2,18.3,2023-02-21
1.8,18657.699999999997,29.4,18.0,2023-02-22
0.0,21570.100000000002,29.6,18.7,2023-02-23
0.0,19363.399999999998,29.1,19.0,2023-02-24
0.0,25661.8,30.3,19.7,2023-02-25
0.0,26884.000000000004,31.4,19.6,2023-02-26
0.0,23558.1,31.9,20.0,2023-02-27
0.0,23392.100000000002,30.3,18.6,2023-02-28
0.0,25101.9,30.7,17.3,2023-03-01
0.2,24505.200000000004,29.9,19.6,2023-03-02
0.0,19409.7,30.5,19.1,2023-03-03
0.0,26403.999999999996,31.1,18.8,2023-03-04
0.0,18706.6,29.5,19.3,2023-03-05
3.0,12829.099999999995,29.0,18.4,2023-03-06
1.4,21889.1,28.1,17.1,2023-03-07
0.0,15569.700000000003,28.4,18.0,2023-03-08
5.800000000000001,22454.100000000002,29.4,19.7,2023-03-09
7.2,14861.199999999999,29.8,19.6,2023-03-10
1.0,15150.5,27.8,19.3,2023-03-11
7.0,17424.6,28.3,18.5,2023-03-12
0.0,14501.0,28.4,19.6,2023-03-13
1.2,16512.1,28.2,20.2,2023-03-14
0.0,23849.199999999997,29.5,19.8,2023-03-15
0.0,21627.000000000004,29.4,19.5,2023-03-16
0.0,21362.299999999996,28.5,18.5,2023-03-17
3.2,18505.7,29.3,17.5,2023-03-18
0.0,17334.699999999997,28.7,18.6,2023-03-19
0.2,16702.600000000002,28.9,19.1,2023-03-20
1.2,14764.200000000003,29.1,18.5,2023-03-21
0.4,22120.5,30.0,18.8,2023-03-22
0.0,21261.400000000005,29.9,20.2,2023-03-23
0.0,23123.7,30.4,17.3,2023-03-24
0.0,22396.3,30.8,16.9,2023-03-25
0.0,24435.5,31.3,17.6,2023-03-26
0.0,24235.7,31.9,18.3,2023-03-27
5.4,15830.400000000001,29.6,20.1,2023-03-28
0.2,17284.100000000002,29.3,20.0,2023-03-29
0.0,24346.5,30.7,17.6,2023-03-30
0.0,22891.499999999996,30.7,17.5,2023-03-31
